Wall time,Step,Value
1548889964.974318,0,0.05507088452577591
1548890109.265276,1,0.07397859543561935
1548890253.198497,2,0.004206914454698563
1548890397.271298,3,0.0016955978935584426
1548890540.5072289,4,0.0006673260941170156
1548890684.503248,5,3.921980533050373e-05
