Wall time,Step,Value
1548892537.086425,0,0.9921875
1548892681.556258,1,1.0
1548892825.139712,2,1.0
1548892968.4177961,3,1.0
