Wall time,Step,Value
1548892537.086411,0,0.012220590375363827
1548892681.556245,1,8.366847760044038e-05
1548892825.1396968,2,0.0030172003898769617
1548892968.4177809,3,3.8673282688250765e-05
