Wall time,Step,Value
1548889150.1478,0,1.6806726455688477
1548889297.13758,1,0.09275419265031815
1548889441.5519402,2,0.09662749618291855
1548889584.6248598,3,0.008294059894979
1548889728.481354,4,0.027531055733561516
