Wall time,Step,Value
1548889150.1478112,0,0.671875
1548889297.1375942,1,0.9609375
1548889441.55195,2,0.9609375
1548889584.624876,3,1.0
1548889728.481369,4,0.984375
