Wall time,Step,Value
1548890918.4658072,0,0.9921875
1548891062.5869708,1,1.0
1548891205.859964,2,1.0
1548891349.48673,3,0.9921875
