Wall time,Step,Value
1548891585.553131,0,0.013507718220353127
1548891729.8338292,1,0.05248348042368889
1548891872.7518551,2,0.005890312138944864
1548892015.919195,3,4.519600770436227e-05
1548892159.255947,4,3.4810840588761494e-05
1548892302.161301,5,8.162412268575281e-05
