Wall time,Step,Value
1548891585.55315,0,0.9921875
1548891729.8338408,1,0.984375
1548891872.751868,2,0.9921875
1548892015.91921,3,1.0
1548892159.2559621,4,1.0
1548892302.1613162,5,1.0
