Wall time,Step,Value
1548889964.9743302,0,0.9765625
1548890109.26529,1,0.9765625
1548890253.1985111,2,1.0
1548890397.271308,3,1.0
1548890540.507244,4,1.0
1548890684.503263,5,1.0
