Wall time,Step,Value
1548890918.4657931,0,0.04519083723425865
1548891062.5869608,1,0.006364637054502964
1548891205.859949,2,0.00028667179867625237
1548891349.4867141,3,0.05679669976234436
