abnormality,abnormality_pred,0.075
0,0.04428987,0
0,0.0064720637,0
0,0.032932244,0
1,0.13536812,1
1,0.39189196,1
1,0.07556232,1
