abnormality,abnormality_pred,0.500
0,0.04428987,0
0,0.0064720637,0
0,0.032932244,0
1,0.13536812,0
1,0.39189196,0
1,0.07556232,0
