Score Threshold,Measurements (M),Confusion Matrix (cm),True Pos.s (TP),True Neg.s (TN),False Pos.s (FP),*False Neg.s* (FN),Positives (P),Negatives (N),Meas.Pos.s (MP),Meas.Neg.s (MN),Correct Meas.s (CM),Incorrect Meas.s (IM),Accuracy (ACC),Precision (PPV),Recall/Sensitivity (TPR),Specificity/Selectivity (TNR),Fallout (FPR),Miss Rate (FNR),F1 Score (F1)
0.289,2001,"[[887, 1103], [0, 11]]",887,0,1103,0,887,1114,1990,11,898,1103,0.4487756121939031,0.4457286432160804,1.0,0.00987432675044883,0.9901256732495513,0.0,0.6166145290232882
0.5,2001,"[[836, 598], [51, 516]]",836,51,598,51,887,1114,1434,567,1352,649,0.6756621689155422,0.5829846582984658,0.9425028184892896,0.4631956912028725,0.5368043087971275,0.05749718151071026,0.7203791469194312
