abnormality,abnormality_pred,0.500
0,0.2544361368054524,0
1,0.6747343316674232,1
0,0.10232894367072731,0
1,0.576471034437418,1
0,0.10418975353240967,0
1,0.12608701409772038,0
