Score Threshold,Measurements (M),Confusion Matrix (cm),True Pos.s (TP),True Neg.s (TN),False Pos.s (FP),*False Neg.s* (FN),Positives (P),Negatives (N),Meas.Pos.s (MP),Meas.Neg.s (MN),Correct Meas.s (CM),Incorrect Meas.s (IM),Accuracy (ACC),Precision (PPV),Recall/Sensitivity (TPR),Specificity/Selectivity (TNR),Fallout (FPR),Miss Rate (FNR),F1 Score (F1)
0.01,2910,"[[887, 2000], [0, 23]]",887,0,2000,0,887,2023,2887,23,910,2000,0.3127147766323024,0.3072393488049879,1.0,0.011369253583786456,0.9886307464162135,0.0,0.4700582935877054
0.5,2910,"[[845, 1261], [42, 762]]",845,42,1261,42,887,2023,2106,804,1607,1303,0.552233676975945,0.4012345679012346,0.9526493799323562,0.3766683143845774,0.6233316856154226,0.04735062006764374,0.5646508519879719
