Score Threshold,Measurements (M),Confusion Matrix (cm),True Pos.s (TP),True Neg.s (TN),False Pos.s (FP),*False Neg.s* (FN),Positives (P),Negatives (N),Meas.Pos.s (MP),Meas.Neg.s (MN),Correct Meas.s (CM),Incorrect Meas.s (IM),Accuracy (ACC),Precision (PPV),Recall/Sensitivity (TPR),Specificity/Selectivity (TNR),Fallout (FPR),Miss Rate (FNR),F1 Score (F1)
0.017,2001,"[[887, 1070], [0, 44]]",887,0,1070,0,887,1114,1957,44,931,1070,0.4652673663168416,0.4532447623914154,1.0,0.03949730700179533,0.9605026929982048,0.0,0.6237693389592123
0.5,2001,"[[852, 822], [35, 292]]",852,35,822,35,887,1114,1674,327,1144,857,0.5717141429285357,0.5089605734767025,0.9605411499436304,0.2621184919210054,0.7378815080789947,0.03945885005636979,0.665365091761031
