abnormality,abnormality_pred,0.500
1,0.9090659618377686,1
1,0.7841100767254829,1
0,0.12679668609052896,0
0,0.8363595306873322,1
1,0.49244827032089233,0
0,0.9807739853858948,1
