Score Threshold,False Negatives (FN),False Positives (FP),Confusion Matrix (cm),Precision (PPV),Recall/Sensitivity (TPR),Specificity/Selectivity (TNR),Fallout (FPR),Miss Rate (FNR)
0.089,0,1870,"[[887, 1870], [0, 153]]",0.3217265143271672,1.0,0.07563025210084033,0.9243697478991597,0.0
0.5,27,1532,"[[860, 1532], [27, 491]]",0.3595317725752508,0.9695603156708005,0.24270884824518044,0.7572911517548195,0.030439684329199548
