Score Threshold,Measurements (M),Confusion Matrix (cm),True Pos.s (TP),True Neg.s (TN),False Pos.s (FP),*False Neg.s* (FN),Positives (P),Negatives (N),Meas.Pos.s (MP),Meas.Neg.s (MN),Correct Meas.s (CM),Incorrect Meas.s (IM),Accuracy (ACC),Precision (PPV),Recall/Sensitivity (TPR),Specificity/Selectivity (TNR),Fallout (FPR),Miss Rate (FNR),F1 Score (F1)
0.0,2910,"[[887, 2023], [0, 0]]",887,0,2023,0,887,2023,2910,0,887,2023,0.3048109965635739,0.3048109965635739,1.0,0.0,1.0,0.0,0.4672109560179089
0.5,2910,"[[803, 1093], [84, 930]]",803,84,1093,84,887,2023,1896,1014,1733,1177,0.59553264604811,0.42352320675105487,0.9052987598647125,0.4597132970835393,0.5402867029164607,0.09470124013528748,0.5770750988142292
