abnormality,abnormality_pred,0.500
1,0.895901,1
1,0.9549059,1
0,0.21943292,0
1,0.9267038,1
0,0.07188161,0
0,0.12302693,0
