abnormality,abnormality_pred,0.500
0,0.21299254335463047,0
1,0.6216874569654465,1
0,0.1022808178095147,0
1,0.30665843188762665,0
1,0.3121363911777735,0
0,0.17842180375009775,0
