Score Threshold,Measurements (M),Confusion Matrix (cm),True Pos.s (TP),True Neg.s (TN),False Pos.s (FP),*False Neg.s* (FN),Positives (P),Negatives (N),Meas.Pos.s (MP),Meas.Neg.s (MN),Correct Meas.s (CM),Incorrect Meas.s (IM),Accuracy (ACC),Precision (PPV),Recall/Sensitivity (TPR),Specificity/Selectivity (TNR),Fallout (FPR),Miss Rate (FNR),F1 Score (F1)
0.08900000000000001,2910,"[[887, 1870], [0, 153]]",887,0,1870,0,887,2023,2757,153,1040,1870,0.3573883161512028,0.3217265143271672,1.0,0.07563025210084033,0.9243697478991596,0.0,0.48682766190998905
0.5,2910,"[[860, 1532], [27, 491]]",860,27,1532,27,887,2023,2392,518,1351,1559,0.4642611683848797,0.3595317725752508,0.9695603156708004,0.24270884824518044,0.7572911517548195,0.03043968432919955,0.5245501677340653
